Direction of Foreign Trade ,,,,,,,,,,,,,,,,,,,,,,,,,,,,,,,,,,,,,,,,,,,,,,,,,,,,,,,,,,,,,,,,,,,,,,,,,,,,,,,,,,,,,,,,,,,,,,,,,,,,,,,,,,,,,,,,,,,,,,,,,,,,,,,,,,,,,,,,,,,,,,,,,,,,,,,,,,,,,,,,,,,,,,,,,,,,,,,,,,,,,,,,,,,,,,,,,,,,,,,,,,,,,,,,,,,,
(NPR in million),,,,,,,,,,,,,,,,,,,,,,,,,,,,,,,,,,,,,,,,,,,,,,,,,,,,,,,,,,,,,,,,,,,,,,,,,,,,,,,,,,,,,,,,,,,,,,,,,,,,,,,,,,,,,,,,,,,,,,,,,,,,,,,,,,,,,,,,,,,,,,,,,,,,,,,,,,,,,,,,,,,,,,,,,,,,,,,,,,,,,,,,,,,,,,,,,,,,,,,,,,,,,,,,,,,,
Year/Month,2006/07,2006/07,2006/07,2006/07,2006/07,2006/07,2006/07,2006/07,2006/07,2006/07,2006/07,2006/07,2007/08,2007/08,2007/08,2007/08,2007/08,2007/08,2007/08,2007/08,2007/08,2007/08,2007/08,2007/08,2008/09,2008/09,2008/09,2008/09,2008/09,2008/09,2008/09,2008/09,2008/09,2008/09,2008/09,2008/09,2009/10,2009/10,2009/10,2009/10,2009/10,2009/10,2009/10,2009/10,2009/10,2009/10,2009/10,2009/10,2010/11,2010/11,2010/11,2010/11,2010/11,2010/11,2010/11,2010/11,2010/11,2010/11,2010/11,2010/11,2011/12,2011/12,2011/12,2011/12,2011/12,2011/12,2011/12,2011/12,2011/12,2011/12,2011/12,2011/12,2012/13,2012/13,2012/13,2012/13,2012/13,2012/13,2012/13,2012/13,2012/13,2012/13,2012/13,2012/13,2013/14,2013/14,2013/14,2013/14,2013/14,2013/14,2013/14,2013/14,2013/14,2013/14,2013/14,2013/14,2014/15,2014/15,2014/15,2014/15,2014/15,2014/15,2014/15,2014/15,2014/15,2014/15,2014/15,2014/15,2015/16,2015/16,2015/16,2015/16,2015/16,2015/16,2015/16,2015/16,2015/16,2015/16,2015/16,2015/16,2016/17,2016/17,2016/17,2016/17,2016/17,2016/17,2016/17,2016/17,2016/17,2016/17,2016/17,2016/17,2017/18,2017/18,2017/18,2017/18,2017/18,2017/18,2017/18,2017/18,2017/18,2017/18,2017/18,2017/18,2018/19,2018/19,2018/19,2018/19,2018/19,2018/19,2018/19,2018/19,2018/19,2018/19,2018/19,2018/19,2019/20,2019/20,2019/20,2019/20,2019/20,2019/20,2019/20,2019/20,2019/20,2019/20,2019/20,2019/20,2020/21,2020/21,2020/21,2020/21,2020/21,2020/21,2020/21,2020/21,2020/21,2020/21,2020/21,2020/21,2021/22,2021/22,2021/22,2021/22,2021/22,2021/22,2021/22,2021/22,2021/22,2021/22,2021/22,2021/22,2022/23,2022/23,2022/23,2022/23,2022/23,2022/23,2022/23,2022/23,2022/23,2022/23,2022/23,2022/23,2023/24,2023/24,2023/24,2023/24,2023/24,2023/24,2023/24,2023/24
,Aug,Sep,Oct,Nov,Dec,Jan,Feb,Mar,Apr,May,Jun,Jul,Aug,Sep,Oct,Nov,Dec,Jan,Feb,Mar,Apr,May,Jun,Jul,Aug,Sep,Oct,Nov,Dec,Jan,Feb,Mar,Apr,May,Jun,Jul,Aug,Sep,Oct,Nov,Dec,Jan,Feb,Mar,Apr,May,Jun,Jul,Aug,Sep,Oct,Nov,Dec,Jan,Feb,Mar,Apr,May,Jun,Jul,Aug,Sep,Oct,Nov,Dec,Jan,Feb,Mar,Apr,May,Jun,Jul,Aug,Sep,Oct,Nov,Dec,Jan,Feb,Mar,Apr,May,Jun,Jul,Aug,Sep,Oct,Nov,Dec,Jan,Feb,Mar,Apr,May,Jun,Jul,Aug,Sep,Oct,Nov,Dec,Jan,Feb,Mar,Apr,May,Jun,Jul,Aug,Sep,Oct,Nov,Dec,Jan,Feb,Mar,Apr,May,Jun,Jul,Aug,Sep,Oct,Nov,Dec,Jan,Feb,Mar,Apr,May,Jun,Jul,Aug,Sep,Oct,Nov,Dec,Jan,Feb,Mar,Apr,May,Jun,Jul,Aug,Sep,Oct,Nov,Dec,Jan,Feb,Mar,Apr,May,Jun,Jul,Aug,Sep,Oct,Nov,Dec,Jan,Feb,Mar,Apr,May,Jun,Jul,Aug,Sep,Oct,Nov,Dec,Jan,Feb,Mar,Apr,May,Jun,Jul,Aug,Sep,Oct,Nov,Dec,Jan,Feb,Mar,Apr,May,Jun,Jul,Aug,Sep,Oct,Nov,Dec,Jan,Feb,Mar,Apr,May,Jun,July,Aug,Sep,Oct,Nov,Dec,Jan,Feb,Mar
Total Exports,4781.5 ,5428.3 ,4809.1 ,5184.5 ,5696.2 ,4623.8 ,4190.0 ,4228.9 ,5161.0 ,4356.2 ,5712.9 ,5210.7 ,5295.1 ,4349.1 ,5569.8 ,3743.1 ,5113.8 ,4584.2 ,4897.7 ,4261.1 ,4555.1 ,4931.3 ,5738.1 ,6228.1 ,5380.4 ,7591.7 ,6105.9 ,6838.7 ,4654.2 ,4081.1 ,5055.7 ,4227.2 ,7026.3 ,5576.0 ,4864.7 ,6295.6 ,6197.4 ,4874.5 ,4821.4 ,3988.5 ,5083.8 ,5635.6 ,4973.1 ,4610.1 ,5205.9 ,4516.4 ,5161.9 ,5755.4 ,5128.9 ,5466.8 ,6083.6 ,4732.1 ,5552.6 ,5332.9 ,5241.9 ,5004.2 ,5117.7 ,4670.5 ,5447.5 ,6559.8 ,6074.5 ,6408.6 ,5554.3 ,5655.6 ,6365.0 ,5858.6 ,6669.4 ,5976.6 ,6679.6 ,5653.5 ,6318.8 ,7046.5 ,7199.9 ,6766.6 ,6765.8 ,5730.7 ,6412.6 ,6370.3 ,5737.8 ,6024.2 ,6151.2 ,6174.0 ,6593.7 ,6990.5 ,7592.2 ,7569.4 ,7908.6 ,6529.7 ,7766.6 ,7776.4 ,7743.6 ,8009.1 ,7225.5 ,7000.8 ,6608.6 ,10260.9 ,6719.9 ,7707.1 ,8107.4 ,7011.7 ,7366.3 ,6478.7 ,6795.5 ,6680.9 ,7410.1 ,6698.3 ,6855.3 ,7488.0 ,6460.5 ,5778.0 ,4570.6 ,4148.0 ,5212.4 ,5422.7 ,5008.8 ,6129.7 ,6507.5 ,6363.8 ,6553.1 ,7962.2 ,6956.6 ,6224.8 ,5749.6 ,5590.9 ,6111.3 ,5641.2 ,5905.5 ,6037.8 ,6998.1 ,5808.8 ,6287.5 ,5736.9 ,6707.8 ,6898.4 ,6848.9 ,5922.5 ,6903.7 ,7444.1 ,6454.7 ,5802.0 ,6318.7 ,6761.4 ,7513.0 ,7784.6 ,6921.5 ,7777.5 ,9045.8 ,5536.8 ,8220.2 ,7910.6 ,7666.3 ,8145.6 ,8597.9 ,8711.5 ,9301.0 ,9274.7 ,8837.1 ,9664.8 ,8664.9 ,9112.3 ,11337.8 ,9662.9 ,7691.5 ,9936.7 ,3910.7 ,3246.1 ,5938.3 ,9706.0 ,9620.0 ,10823.0 ,10603.0 ,9154.0 ,9855.5 ,10743.6 ,9117.9 ,10861.8 ,13988.2 ,13712.6 ,12774.2 ,19870.1 ,20765.1 ,23274.5 ,21013.2 ,17071.5 ,20796.3 ,15930.4 ,12805.1 ,16090.1 ,12826.8 ,12775.3 ,12488.8 ,14193.9 ,14809.7 ,13870.7 ,13139.8 ,12954.1 ,12530.2 ,13502.9 ,12624.9 ,11363.9 ,13483.8 ,12620.1 ,12686.5 ,13554.2 ,13528.7 ,12918.4 ,14427.9 ,9690.5 ,12642.1 ,11760.6 ,11862.8 ,13786.5 
To India,3270.2 ,3809.1 ,3006.9 ,3986.6 ,4319.7 ,3262.9 ,2978.0 ,3056.6 ,3551.3 ,3095.2 ,3698.7 ,3693.6 ,3552.8 ,2920.3 ,3619.6 ,2868.4 ,3710.0 ,3305.5 ,3300.2 ,2509.8 ,2859.7 ,3145.4 ,3126.1 ,3637.9 ,2822.8 ,4081.3 ,3498.4 ,4635.1 ,2695.2 ,2512.0 ,3597.0 ,2901.3 ,4907.6 ,3460.0 ,2791.6 ,3103.6 ,3022.0 ,2984.9 ,3215.2 ,2945.6 ,3342.5 ,3809.0 ,3322.7 ,3231.4 ,3542.8 ,3122.8 ,3542.9 ,3911.9 ,3357.0 ,3424.3 ,3468.6 ,3154.9 ,3837.8 ,3879.6 ,3769.5 ,3582.1 ,3157.7 ,3352.8 ,3807.0 ,4569.1 ,3932.1 ,4104.7 ,3535.6 ,3795.4 ,4412.1 ,4280.8 ,4072.7 ,4459.3 ,4844.7 ,3718.9 ,4101.9 ,4358.1 ,4154.8 ,3852.0 ,4258.3 ,3797.6 ,4554.9 ,4364.0 ,3954.2 ,4318.4 ,4326.5 ,4342.6 ,4511.6 ,4564.9 ,4782.8 ,4705.0 ,5009.3 ,4457.9 ,5257.8 ,5353.3 ,5461.6 ,5496.4 ,4816.2 ,4923.6 ,4277.1 ,5072.8 ,4046.8 ,4717.9 ,4798.7 ,4458.1 ,4782.9 ,4359.6 ,4546.8 ,4798.0 ,5096.7 ,4918.3 ,4584.4 ,4756.6 ,3794.7 ,2969.5 ,1930.2 ,2348.3 ,2833.5 ,3533.0 ,3015.7 ,3485.4 ,3811.7 ,3264.9 ,3885.2 ,4621.6 ,3824.8 ,3546.7 ,3053.5 ,3184.1 ,3410.0 ,3374.0 ,3751.3 ,3659.8 ,4259.6 ,3558.9 ,3421.9 ,2404.7 ,3639.6 ,3690.9 ,3625.6 ,3129.2 ,4073.8 ,5108.0 ,3880.6 ,3389.5 ,3749.4 ,3868.4 ,4309.9 ,4255.0 ,3988.0 ,4336.7 ,4839.5 ,3504.4 ,5249.0 ,5621.4 ,5347.5 ,5687.4 ,5612.4 ,6148.2 ,6256.2 ,6141.2 ,6053.1 ,6099.3 ,5718.5 ,6392.8 ,8302.3 ,7577.9 ,5253.3 ,6881.3 ,3145.3 ,2989.8 ,4536.5 ,7158.7 ,6318.0 ,8110.9 ,6904.8 ,6535.0 ,7496.9 ,8161.4 ,6409.4 ,8258.2 ,10241.0 ,10891.7 ,10867.1 ,16177.5 ,16867.0 ,19307.4 ,16543.7 ,14225.9 ,17210.4 ,12405.7 ,9798.3 ,12479.3 ,9057.8 ,9281.2 ,8724.6 ,9321.0 ,10714.9 ,9120.1 ,9137.1 ,9628.2 ,8775.7 ,10468.6 ,8381.9 ,7992.1 ,8766.7 ,8162.6 ,7825.9 ,7712.5 ,8482.1 ,8253.0 ,9514.6 ,6753.5 ,9028.9 ,8413.0 ,8277.6 ,9790.0 
To China ,-,-,-,-,-,-,-,-,-,-,-,-,,,,,,,,,,,,,,,,,,,,,,,,,,,,,,,,,,,,,,,,,,,,,,,,,,,,,,,,,,,,,221.3 ,268.0 ,192.9 ,211.1 ,229.7 ,189.7 ,99.5 ,112.7 ,148.9 ,113.5 ,117.9 ,180.6 ,203.0 ,33.0 ,224.1 ,191.4 ,375.1 ,314.8 ,241.8 ,134.0 ,156.3 ,136.8 ,165.2 ,665.4 ,87.8 ,112.1 ,689.0 ,296.1 ,236.5 ,146.2 ,232.3 ,76.8 ,148.7 ,69.9 ,62.3 ,72.2 ,87.4 ,87.9 ,122.7 ,82.5 ,98.6 ,119.0 ,68.4 ,348.1 ,174.2 ,159.9 ,152.9 ,180.0 ,138.5 ,79.7 ,167.8 ,133.7 ,224.5 ,181.5 ,101.9 ,123.2 ,139.4 ,134.5 ,140.8 ,136.0 ,154.1 ,161.5 ,177.5 ,201.0 ,192.2 ,247.7 ,195.1 ,94.0 ,185.9 ,471.1 ,174.5 ,183.1 ,85.1 ,266.5 ,212.5 ,191.8 ,164.8 ,190.1 ,110.0 ,130.1 ,172.4 ,266.6 ,175.1 ,144.8 ,198.2 ,92.2 ,161.4 ,258.8 ,152.6 ,153.3 ,48.6 ,23.8 ,6.7 ,3.7 ,39.2 ,52.6 ,56.0 ,75.0 ,80.6 ,78.5 ,97.0 ,120.8 ,49.3 ,55.9 ,183.4 ,101.2 ,42.6 ,75.8 ,82.8 ,75.2 ,94.5 ,58.7 ,70.4 ,74.6 ,31.7 ,57.9 ,77.0 ,51.6 ,64.6 ,69.7 ,62.6 ,61.4 ,40.3 ,40.6 ,39.9 ,96.4 ,81.6 ,96.7 ,117.5 ,716.0 ,174.8 ,238.1 ,392.4 ,151.0 ,189.0 ,103.1 ,198.1 ,572.9 ,248.5 ,95.3 
To Other Countries,1511.3 ,1619.2 ,1802.2 ,1197.9 ,1376.5 ,1360.9 ,1212.0 ,1172.3 ,1609.7 ,1261.0 ,2014.2 ,1517.1 ,1742.3 ,1428.8 ,1950.2 ,874.7 ,1403.8 ,1278.7 ,1597.5 ,1751.3 ,1695.4 ,1785.9 ,2612.0 ,2590.2 ,2557.6 ,3510.4 ,2607.5 ,2203.6 ,1959.0 ,1569.1 ,1458.7 ,1325.9 ,2118.7 ,2116.0 ,2073.1 ,3192.0 ,3175.4 ,1889.6 ,1606.2 ,1042.9 ,1741.3 ,1826.6 ,1650.4 ,1378.7 ,1663.1 ,1393.6 ,1619.0 ,1843.5 ,1771.9 ,2042.5 ,2615.0 ,1577.2 ,1714.8 ,1453.3 ,1472.4 ,1422.1 ,1960.0 ,1317.7 ,1640.5 ,1990.7 ,2142.4 ,2303.9 ,2018.7 ,1860.2 ,1952.9 ,1577.8 ,2596.7 ,1517.3 ,1834.9 ,1934.6 ,2216.9 ,2688.4 ,2823.8 ,2646.6 ,2314.5 ,1722.0 ,1628.0 ,1816.6 ,1684.1 ,1593.1 ,1675.8 ,1717.9 ,1964.2 ,2244.9 ,2606.4 ,2831.4 ,2675.3 ,1880.5 ,2133.8 ,2108.3 ,2040.2 ,2378.7 ,2253.0 ,1940.5 ,2166.4 ,4522.6 ,2585.3 ,2877.1 ,2619.7 ,2257.5 ,2347.0 ,1972.9 ,2016.4 ,1806.1 ,2164.7 ,1710.1 ,2208.6 ,2659.2 ,2578.4 ,2720.6 ,2517.7 ,1717.2 ,2280.2 ,1770.6 ,1924.6 ,2296.2 ,2521.6 ,2939.0 ,2515.1 ,3160.6 ,2993.3 ,2598.4 ,2528.3 ,2273.1 ,2476.8 ,2085.7 ,2052.4 ,2254.8 ,2599.1 ,2115.5 ,2724.8 ,3196.2 ,2914.1 ,3046.1 ,3045.9 ,2592.3 ,2637.6 ,2088.4 ,2379.0 ,2318.5 ,2383.4 ,2421.9 ,3028.7 ,3346.4 ,2848.4 ,3174.4 ,3993.9 ,1840.6 ,2806.4 ,2099.1 ,2208.9 ,2328.1 ,2813.1 ,2296.8 ,2869.8 ,2988.6 ,2585.8 ,3473.3 ,2784.9 ,2460.6 ,2882.9 ,1931.8 ,2389.6 ,3031.6 ,758.7 ,252.5 ,1362.6 ,2494.7 ,3246.1 ,2637.1 ,3617.6 ,2540.5 ,2261.6 ,2461.4 ,2659.1 ,2547.7 ,3563.9 ,2719.7 ,1864.4 ,3616.9 ,3815.3 ,3891.8 ,4375.0 ,2786.9 ,3515.4 ,3450.1 ,2975.1 ,3552.8 ,3692.0 ,3442.5 ,3699.6 ,4803.3 ,4032.2 ,4689.3 ,3962.4 ,3285.3 ,3714.5 ,2938.0 ,4161.4 ,3275.1 ,4599.6 ,3741.4 ,4685.8 ,5603.5 ,4654.2 ,4514.3 ,4724.2 ,2833.9 ,3415.1 ,2774.7 ,3336.8 ,3901.2 
Total Imports,14971.6 ,16162.5 ,15446.2 ,16457.4 ,17415.5 ,14517.0 ,9775.1 ,12329.7 ,21542.5 ,17422.0 ,19502.2 ,19152.9 ,16470.7 ,16666.8 ,18656.8 ,14131.8 ,19666.1 ,20915.7 ,17659.7 ,15391.7 ,20975.1 ,21736.9 ,18406.0 ,21260.4 ,21473.2 ,26384.5 ,20166.5 ,25444.7 ,22557.6 ,18619.8 ,21550.9 ,20089.6 ,24788.8 ,27466.3 ,25055.7 ,30872.0 ,25364.9 ,32217.9 ,30861.1 ,29095.3 ,34006.1 ,34284.4 ,32961.7 ,31269.2 ,30196.6 ,25900.3 ,32927.6 ,35250.1 ,30515.1 ,30570.8 ,31988.3 ,28100.1 ,32795.8 ,31600.9 ,32537.5 ,35024.1 ,34835.4 ,33367.4 ,37997.9 ,36842.2 ,32695.6 ,37220.0 ,30348.7 ,35228.6 ,42292.5 ,38899.1 ,38264.6 ,40292.9 ,44602.0 ,43174.3 ,36555.5 ,42093.9 ,46856.5 ,43791.6 ,45831.4 ,42358.8 ,46553.7 ,45956.3 ,44856.8 ,44357.5 ,48267.5 ,49729.4 ,50040.4 ,48140.1 ,51883.8 ,52659.4 ,49577.1 ,53971.7 ,62262.1 ,63553.3 ,58785.7 ,65160.0 ,64332.1 ,58742.5 ,64776.0 ,68662.2 ,58301.9 ,67723.0 ,65690.3 ,62944.9 ,59856.3 ,59485.7 ,67273.9 ,64642.6 ,71187.6 ,50998.9 ,62591.8 ,83987.3 ,62578.7 ,41369.3 ,26538.0 ,30507.3 ,52834.3 ,63964.5 ,68036.1 ,89972.8 ,84170.2 ,79386.5 ,85395.3 ,88846.2 ,70721.4 ,78297.6 ,71657.1 ,80980.2 ,80984.7 ,81967.4 ,91550.0 ,72402.3 ,97851.5 ,82265.6 ,87893.7 ,93541.8 ,78160.0 ,89578.7 ,92466.7 ,96020.5 ,95919.5 ,102575.1 ,106504.6 ,105308.3 ,108935.1 ,109532.5 ,122871.3 ,137231.0 ,120610.2 ,111736.5 ,141240.6 ,110170.6 ,123238.8 ,116940.9 ,109330.9 ,115838.2 ,112527.0 ,116502.7 ,121663.2 ,118735.8 ,106725.3 ,122778.4 ,105445.7 ,115349.5 ,130958.2 ,113436.6 ,108909.1 ,120639.8 ,58292.2 ,42602.9 ,75675.6 ,95985.6 ,85808.0 ,93038.3 ,113423.6 ,110220.3 ,123008.0 ,135747.3 ,142397.8 ,140345.1 ,167407.2 ,142714.7 ,129254.7 ,156472.1 ,150731.7 ,163785.4 ,164006.1 ,171771.1 ,188113.9 ,160934.5 ,148121.7 ,161270.4 ,157927.1 ,137990.5 ,158570.6 ,157225.3 ,131286.1 ,142313.6 ,127398.6 ,131693.1 ,132055.1 ,127919.8 ,126499.1 ,139220.2 ,143123.5 ,133813.5 ,145658.7 ,130750.6 ,129194.6 ,130555.2 ,148009.1 ,104744.5 ,129705.5 ,125957.6 ,129777.3 ,132278.8 
From India,8953.9 ,10023.9 ,9390.3 ,9248.4 ,10518.4 ,9355.7 ,5774.2 ,7579.1 ,12653.6 ,9639.6 ,11087.7 ,11647.5 ,10319.9 ,9512.2 ,11991.0 ,8627.8 ,12188.3 ,13466.3 ,12635.1 ,9725.4 ,14192.9 ,14387.1 ,11979.1 ,13351.4 ,12975.4 ,13521.6 ,11488.4 ,11534.3 ,12237.7 ,11805.5 ,14165.4 ,11451.8 ,15332.8 ,14771.5 ,15086.0 ,18067.2 ,15034.5 ,16297.0 ,16534.6 ,16386.5 ,17604.7 ,16716.5 ,20258.8 ,18070.6 ,19373.4 ,17869.4 ,21081.1 ,21887.2 ,20263.7 ,22381.1 ,20591.8 ,18863.0 ,21910.7 ,22345.4 ,21284.1 ,23145.0 ,23660.0 ,21071.3 ,24172.3 ,22236.8 ,19399.2 ,24092.2 ,20414.4 ,21607.3 ,26882.6 ,26742.8 ,25569.7 ,26566.6 ,28554.3 ,27815.4 ,24617.5 ,27127.6 ,28736.0 ,28436.7 ,29748.4 ,26833.7 ,30732.8 ,31043.5 ,32104.4 ,30008.4 ,32577.4 ,32205.1 ,33304.8 ,31300.1 ,33577.6 ,35389.4 ,31891.6 ,35821.7 ,41322.9 ,42513.7 ,39726.8 ,44168.6 ,44292.4 ,39087.9 ,43828.5 ,46325.9 ,39154.6 ,42697.9 ,42039.4 ,38715.0 ,37607.1 ,36770.2 ,40356.7 ,42580.8 ,44836.1 ,32216.1 ,40754.6 ,53927.3 ,41577.1 ,23975.3 ,14522.1 ,14625.7 ,26963.1 ,35129.1 ,45331.1 ,56094.1 ,54504.2 ,53432.3 ,54827.0 ,56231.5 ,45544.9 ,52657.7 ,45095.8 ,51854.7 ,55209.8 ,55343.0 ,58417.4 ,46481.8 ,62134.3 ,53409.3 ,58872.0 ,48649.1 ,49662.2 ,55627.6 ,62460.8 ,61399.2 ,64381.8 ,68933.2 ,69827.5 ,69938.4 ,73925.3 ,73338.3 ,81741.8 ,82865.4 ,71003.1 ,75217.7 ,89902.7 ,69701.5 ,80714.4 ,79852.1 ,72977.4 ,73227.0 ,74273.3 ,74535.7 ,80258.9 ,76258.3 ,67810.9 ,75421.9 ,64179.5 ,65159.0 ,77064.1 ,74199.7 ,72644.7 ,70194.4 ,35940.8 ,25849.4 ,42134.5 ,64695.9 ,56392.7 ,63240.6 ,73990.9 ,70471.6 ,81603.5 ,93130.4 ,93122.6 ,90350.5 ,102643.6 ,90684.4 ,70962.4 ,85010.8 ,89486.4 ,97931.7 ,99852.7 ,98686.3 ,114082.2 ,103505.9 ,92699.2 ,100997.2 ,104460.9 ,93524.7 ,105676.5 ,99249.1 ,78655.7 ,90996.2 ,75122.3 ,77415.3 ,77989.6 ,86154.9 ,84635.8 ,85830.7 ,96951.1 ,90783.5 ,93298.8 ,90013.8 ,81249.5 ,79508.5 ,89853.0 ,63415.9 ,80773.8 ,80093.4 ,79864.7 ,83418.9 
From China ,-,-,-,-,-,-,-,-,-,-,-,-,,,,,,,,,,,,,-,-,-,-,-,-,-,-,-,-,-,-,-,-,-,-,-,-,-,-,-,-,-,-,-,-,-,-,-,-,-,-,-,-,-,-,-,-,-,-,-,-,-,-,-,-,-,-,6641.2 ,5998.5 ,6231.9 ,4689.8 ,5668.7 ,4593.6 ,4015.2 ,4212.4 ,4036.4 ,5152.9 ,6367.4 ,4843.3 ,4941.6 ,5457.8 ,6267.3 ,5029.8 ,9203.8 ,5268.1 ,5887.5 ,6194.6 ,4509.7 ,6106.1 ,6330.8 ,8121.5 ,6124.1 ,8416.7 ,8805.5 ,9337.3 ,10613.9 ,10659.0 ,9911.5 ,7833.1 ,8452.1 ,4336.5 ,7681.6 ,7995.1 ,8483.0 ,6920.1 ,4842.7 ,5133.1 ,11807.5 ,9010.3 ,9850.1 ,14252.9 ,12078.9 ,10159.1 ,11108.0 ,12048.6 ,9373.7 ,10062.3 ,12720.3 ,11673.7 ,9363.6 ,8860.6 ,11859.5 ,8667.7 ,10136.1 ,11354.5 ,9893.8 ,13279.4 ,10709.5 ,15025.8 ,10678.8 ,12557.0 ,11041.0 ,13830.6 ,14612.4 ,12441.9 ,12945.1 ,13400.4 ,15544.0 ,17200.5 ,14939.2 ,14193.4 ,23983.1 ,17942.8 ,17576.1 ,16889.3 ,15300.2 ,18213.4 ,14936.7 ,15256.5 ,17382.1 ,18905.8 ,18531.5 ,22032.2 ,18704.4 ,20917.7 ,22289.4 ,15777.5 ,14375.4 ,14024.0 ,5732.4 ,3904.9 ,13439.3 ,12191.7 ,11179.0 ,13134.6 ,19009.5 ,16797.0 ,17342.1 ,18863.0 ,19795.8 ,20074.5 ,27938.1 ,19059.6 ,27326.7 ,23403.2 ,20970.7 ,21876.9 ,24392.9 ,27061.0 ,27897.3 ,23714.9 ,19324.1 ,20921.4 ,24888.9 ,15821.1 ,17342.3 ,20572.3 ,18765.2 ,18364.5 ,18913.8 ,18563.8 ,19973.7 ,15397.6 ,15073.8 ,20733.3 ,16662.7 ,16770.2 ,23153.1 ,20344.2 ,21905.6 ,24637.6 ,33277.3 ,20433.1 ,25367.6 ,21775.3 ,25694.7 ,21783.2 
From Other Countries,6017.7 ,6138.6 ,6055.9 ,7209.0 ,6897.1 ,5161.3 ,4000.9 ,4750.6 ,8888.9 ,7782.4 ,8414.5 ,7505.4 ,6150.8 ,7154.6 ,6665.8 ,5504.0 ,7477.8 ,7449.4 ,5024.6 ,5666.3 ,6782.2 ,7349.8 ,6426.9 ,7909.0 ,8497.8 ,12862.9 ,8678.1 ,13910.4 ,10319.9 ,6814.3 ,7385.5 ,8637.8 ,9456.0 ,12694.8 ,9969.7 ,12804.8 ,10330.4 ,15920.9 ,14326.5 ,12708.8 ,16401.4 ,17567.9 ,12702.9 ,13198.6 ,10823.2 ,8030.9 ,11846.5 ,13362.9 ,10251.4 ,8189.7 ,11396.5 ,9237.1 ,10885.1 ,9255.5 ,11253.4 ,11879.1 ,11175.4 ,12296.1 ,13825.6 ,14605.4 ,13296.4 ,13127.8 ,9934.3 ,13621.3 ,15409.9 ,12156.3 ,12694.9 ,13726.3 ,16047.7 ,15358.9 ,11938.0 ,14966.3 ,11479.3 ,9356.4 ,9851.1 ,10835.4 ,10152.3 ,10319.1 ,8737.1 ,10136.7 ,11653.7 ,12371.4 ,10368.3 ,11996.8 ,13364.6 ,11812.1 ,11418.2 ,13120.2 ,11735.4 ,15771.5 ,13171.4 ,14796.8 ,15530.0 ,13548.5 ,14616.7 ,14214.9 ,13023.2 ,16608.3 ,14845.5 ,14892.6 ,11635.2 ,12056.5 ,17005.7 ,14228.7 ,17899.3 ,14446.2 ,14155.7 ,22065.0 ,12518.6 ,10473.9 ,7173.2 ,10748.5 ,14063.7 ,19825.1 ,12854.9 ,19625.8 ,17587.1 ,15795.2 ,19460.4 ,20566.1 ,15802.8 ,15577.6 ,13841.0 ,17451.8 ,16411.3 ,17763.8 ,21273.1 ,17252.8 ,25581.2 ,17501.9 ,19127.9 ,31613.4 ,17788.3 ,18925.2 ,19327.1 ,22064.2 ,20496.8 ,19811.3 ,22064.7 ,22928.0 ,22064.7 ,22793.7 ,25585.5 ,37165.0 ,34667.9 ,22325.4 ,27354.9 ,22526.3 ,24948.2 ,20199.5 ,21053.2 ,24397.8 ,23317.0 ,26710.5 ,24022.2 ,23571.6 ,20382.9 ,25324.2 ,22561.7 ,29272.8 ,31604.8 ,23459.4 ,21889.0 ,36421.4 ,16619.0 ,12848.7 ,20101.9 ,19098.0 ,18236.3 ,16663.0 ,20423.1 ,22951.8 ,24062.4 ,23753.8 ,29479.4 ,29920.1 ,36825.6 ,32970.8 ,30965.7 ,48058.1 ,40274.7 ,43976.8 ,39760.5 ,46023.8 ,46134.4 ,33713.7 ,36098.4 ,39351.8 ,28577.4 ,28644.8 ,35551.8 ,37403.9 ,33865.2 ,32952.9 ,33362.6 ,35713.9 ,34091.7 ,26367.4 ,26789.5 ,32656.2 ,29509.7 ,26259.8 ,29206.8 ,20392.7 ,26039.6 ,26409.1 ,24878.7 ,20895.6 ,23564.1 ,24088.9 ,24217.9 ,27076.7 
Total Trade Balance,-10190.1 ,-10734.2 ,-10637.1 ,-11272.9 ,-11719.3 ,-9893.2 ,-5585.1 ,-8100.8 ,-16381.5 ,-13065.8 ,-13789.3 ,-13942.2 ,-11175.6 ,-12317.7 ,-13087.0 ,-10388.7 ,-14552.3 ,-16331.5 ,-12762.0 ,-11130.6 ,-16420.0 ,-16805.6 ,-12667.9 ,-15032.3 ,-16092.8 ,-18792.8 ,-14060.6 ,-18606.0 ,-17903.4 ,-14538.7 ,-16495.2 ,-15862.4 ,-17762.5 ,-21890.3 ,-20191.0 ,-24576.4 ,-19167.5 ,-27343.4 ,-26039.7 ,-25106.8 ,-28922.3 ,-28648.8 ,-27988.6 ,-26659.1 ,-24990.7 ,-21383.9 ,-27765.7 ,-29494.7 ,-25386.2 ,-25104.0 ,-25904.7 ,-23368.0 ,-27243.2 ,-26268.0 ,-27295.6 ,-30019.9 ,-29717.7 ,-28696.9 ,-32550.4 ,-30282.4 ,-26621.1 ,-30811.4 ,-24794.4 ,-29573.0 ,-35927.5 ,-33040.5 ,-31595.2 ,-34316.3 ,-37922.4 ,-37520.8 ,-30236.7 ,-35047.4 ,-39656.6 ,-37025.0 ,-39065.6 ,-36628.2 ,-40141.1 ,-39585.9 ,-39119.0 ,-38333.3 ,-42116.3 ,-43555.4 ,-43446.7 ,-36487.0 ,-44291.6 ,-45090.0 ,-41668.4 ,-47442.0 ,-54495.5 ,-55776.9 ,-51042.1 ,-57150.9 ,-57106.6 ,-45772.4 ,-52001.7 ,-50945.2 ,-51582.0 ,-60015.9 ,-57582.9 ,-55933.3 ,-52490.0 ,-53007.1 ,-60478.4 ,-57961.6 ,-63777.4 ,-44300.6 ,-55736.6 ,-76499.4 ,-56118.2 ,-35591.4 ,-21967.5 ,-26359.3 ,-47621.9 ,-58541.9 ,-63027.3 ,-83843.1 ,-77662.7 ,-73022.8 ,-78842.2 ,-80884.0 ,-63764.9 ,-72072.8 ,-65907.4 ,-75389.3 ,-74873.3 ,-76326.3 ,-85644.4 ,-66364.5 ,-90853.4 ,-76456.8 ,-81606.2 ,-87804.9 ,-71452.2 ,-82680.2 ,-85617.8 ,-90097.9 ,-89015.9 ,-95131.0 ,-100049.9 ,-99506.3 ,-102616.4 ,-102771.1 ,-115358.3 ,-129446.4 ,-113688.6 ,-103958.9 ,-132194.8 ,-104633.8 ,-115018.6 ,-109030.4 ,-101664.5 ,-107692.7 ,-103929.1 ,-107791.2 ,-112362.1 ,-109461.1 ,-97888.2 ,-113113.6 ,-96780.8 ,-106237.2 ,-119620.5 ,-103773.7 ,-101217.6 ,-110703.1 ,-54381.5 ,-39356.8 ,-69737.3 ,-86279.6 ,-76187.9 ,-82215.3 ,-102820.6 ,-101066.3 ,-113152.4 ,-125003.6 ,-133279.9 ,-129483.3 ,-153419.0 ,-129002.1 ,-116480.5 ,-136602.0 ,-129966.6 ,-140510.9 ,-142992.9 ,-154699.6 ,-167317.7 ,-145004.1 ,-135316.7 ,-145180.4 ,-145100.3 ,-125215.2 ,-146081.8 ,-143031.3 ,-116476.4 ,-128442.8 ,-114258.9 ,-118739.0 ,-119524.9 ,-114416.9 ,-113874.1 ,-127856.3 ,-129639.7 ,-121193.4 ,-132972.2 ,-117196.5 ,-115666.0 ,-117636.9 ,-133581.2 ,-95054.0 ,-117063.4 ,-114197.0 ,-117914.5 ,-118492.3 
With India,-5683.7 ,-6214.8 ,-6383.4 ,-5261.8 ,-6198.7 ,-6092.8 ,-2796.2 ,-4522.5 ,-9102.3 ,-6544.4 ,-7389.0 ,-7953.9 ,-6767.1 ,-6591.9 ,-8371.4 ,-5759.4 ,-8478.3 ,-10160.8 ,-9334.9 ,-7215.6 ,-11333.2 ,-11241.7 ,-8853.0 ,-9713.5 ,-10152.6 ,-9440.3 ,-7990.0 ,-6899.2 ,-9542.5 ,-9293.5 ,-10568.4 ,-8550.5 ,-10425.2 ,-11311.5 ,-12294.4 ,-14963.6 ,-12012.5 ,-13312.1 ,-13319.4 ,-13440.9 ,-14262.2 ,-12907.5 ,-16936.1 ,-14839.2 ,-15830.6 ,-14746.6 ,-17538.2 ,-17975.3 ,-16906.7 ,-18956.8 ,-17123.2 ,-15708.1 ,-18072.9 ,-18465.8 ,-17514.6 ,-19562.9 ,-20502.3 ,-17718.5 ,-20365.3 ,-17667.7 ,-15467.1 ,-19987.5 ,-16878.8 ,-17811.9 ,-22470.5 ,-22462.0 ,-21497.0 ,-22107.3 ,-23709.6 ,-24096.5 ,-20515.6 ,-22769.5 ,-24581.2 ,-24584.7 ,-25490.1 ,-23036.1 ,-26177.8 ,-26679.5 ,-28150.2 ,-25690.0 ,-28250.9 ,-27862.5 ,-28793.1 ,-26735.1 ,-28794.7 ,-30684.4 ,-26882.3 ,-31363.9 ,-36065.1 ,-37160.4 ,-34265.2 ,-38672.2 ,-39476.2 ,-34164.4 ,-39551.4 ,-41253.0 ,-35107.8 ,-37980.0 ,-37240.7 ,-34256.9 ,-32824.3 ,-32410.6 ,-35809.9 ,-37782.9 ,-39739.5 ,-27297.9 ,-36170.2 ,-49170.7 ,-37782.5 ,-21005.8 ,-12591.9 ,-12277.4 ,-24129.6 ,-31596.1 ,-42315.3 ,-52608.6 ,-50692.5 ,-50167.4 ,-50941.8 ,-51609.9 ,-41720.1 ,-49111.0 ,-42042.2 ,-48670.6 ,-51799.8 ,-51969.0 ,-54666.1 ,-42822.0 ,-57874.7 ,-49850.4 ,-55450.0 ,-46244.4 ,-46022.5 ,-51936.7 ,-58835.3 ,-58270.0 ,-60308.0 ,-63825.2 ,-65946.9 ,-66548.9 ,-70175.9 ,-69469.9 ,-77432.0 ,-78610.4 ,-67015.1 ,-70880.9 ,-85063.2 ,-66197.1 ,-75465.5 ,-74230.7 ,-67630.0 ,-67539.6 ,-68660.9 ,-68387.6 ,-74002.7 ,-70117.1 ,-61757.9 ,-69322.6 ,-58461.0 ,-58766.2 ,-68761.8 ,-66621.8 ,-67391.4 ,-63313.1 ,-32795.5 ,-22859.5 ,-37597.9 ,-57537.2 ,-50074.7 ,-55129.7 ,-67086.1 ,-63936.6 ,-74106.6 ,-84969.0 ,-86713.2 ,-82092.2 ,-92402.6 ,-79792.7 ,-60095.2 ,-68833.4 ,-72619.4 ,-78624.3 ,-83309.1 ,-84460.5 ,-96871.7 ,-91100.2 ,-82900.9 ,-88517.9 ,-95403.1 ,-84243.4 ,-96951.9 ,-89928.1 ,-67940.7 ,-81876.1 ,-65985.2 ,-67787.1 ,-69213.9 ,-75686.3 ,-76253.9 ,-77838.6 ,-88184.4 ,-82620.9 ,-85472.9 ,-82301.3 ,-72767.4 ,-71255.5 ,-80338.4 ,-56662.3 ,-71744.9 ,-71680.4 ,-71587.2 ,-73628.9 
With China ,-,-,-,-,-,-,-,-,-,-,-,-,,,,,,,,,,,,,,,,,,,,,,,,,,,,,,,,,,,,,,,,,,,,,,,,,,,,,,,,,,,,,-6419.9 ,-5730.6 ,-6038.9 ,-4478.7 ,-5439.0 ,-4403.9 ,-3915.7 ,-4099.7 ,-3887.5 ,-5039.4 ,-6249.5 ,-4662.7 ,-4738.6 ,-5424.8 ,-6043.2 ,-4838.5 ,-8828.8 ,-4953.320505,-5645.7 ,-6060.7 ,-4353.4 ,-5969.3 ,-6165.7 ,-7456.1 ,-6036.3 ,-8304.6 ,-8116.5 ,-9041.2 ,-10377.4 ,-10512.8 ,-9679.2 ,-7756.2 ,-8303.4 ,-4266.7 ,-7619.3 ,-7922.9 ,-8395.6 ,-6832.3 ,-4720.0 ,-5050.6 ,-11708.9 ,-8891.3 ,-9781.7 ,-13904.9 ,-11904.6 ,-9999.2 ,-10955.1 ,-11868.6 ,-9235.2 ,-9982.6 ,-12552.5 ,-11540.0 ,-9139.0 ,-8679.1 ,-11757.6 ,-8544.5 ,-9996.7 ,-11220.0 ,-9753.0 ,-13143.3 ,-10555.4 ,-14864.3 ,-10501.2 ,-12356.0 ,-10848.7 ,-13582.9 ,-14417.3 ,-12347.9 ,-12759.2 ,-12929.3 ,-15369.5 ,-17017.4 ,-14854.1 ,-13926.9 ,-23770.6 ,-17751.0 ,-17411.3 ,-16699.3 ,-15190.2 ,-18083.3 ,-14764.3 ,-14989.8 ,-17207.0 ,-18761.0 ,-18333.3 ,-21940.1 ,-18543.0 ,-20658.9 ,-22136.8 ,-15624.2 ,-14326.8 ,-14000.1 ,-5725.7 ,-3901.1 ,-13400.1 ,-12139.1 ,-11123.0 ,-13059.7 ,-18928.9 ,-16718.5 ,-17245.1 ,-18742.2 ,-19746.5 ,-20018.6 ,-27754.7 ,-18958.3 ,-27284.1 ,-23327.4 ,-20887.9 ,-21801.7 ,-24298.4 ,-27002.3 ,-27826.9 ,-23640.2 ,-19292.4 ,-20863.5 ,-24811.9 ,-15769.5 ,-17277.7 ,-20502.6 ,-18702.7 ,-18303.2 ,-18873.4 ,-18523.3 ,-19933.8 ,-15301.2 ,-14992.2 ,-20636.6 ,-16545.2 ,-16054.2 ,-22978.3 ,-20106.0 ,-21513.3 ,-24486.6 ,-33088.3 ,-20330.0 ,-25169.5 ,-21202.4 ,-25446.2 ,-21687.9 
With Other Countries,-4506.4 ,-4519.4 ,-4253.7 ,-6011.1 ,-5520.6 ,-3800.4 ,-2788.9 ,-3578.3 ,-7279.2 ,-6521.4 ,-6400.3 ,-5988.3 ,-4408.5 ,-5725.8 ,-4715.6 ,-4629.3 ,-6074.0 ,-6170.7 ,-3427.1 ,-3915.0 ,-5086.8 ,-5563.9 ,-3814.9 ,-5318.8 ,-5940.2 ,-9352.5 ,-6070.6 ,-11706.8 ,-8360.9 ,-5245.2 ,-5926.8 ,-7311.9 ,-7337.3 ,-10578.8 ,-7896.6 ,-9612.8 ,-7155.0 ,-14031.3 ,-12720.3 ,-11665.9 ,-14660.1 ,-15741.3 ,-11052.5 ,-11819.9 ,-9160.1 ,-6637.3 ,-10227.5 ,-11519.4 ,-8479.5 ,-6147.2 ,-8781.5 ,-7659.9 ,-9170.3 ,-7802.2 ,-9781.0 ,-10457.0 ,-9215.4 ,-10978.4 ,-12185.1 ,-12614.7 ,-11154.0 ,-10823.9 ,-7915.6 ,-11761.1 ,-13457.0 ,-10578.5 ,-10098.2 ,-12209.0 ,-14212.8 ,-13424.3 ,-9721.1 ,-12277.9 ,-8655.6 ,-6709.7 ,-7536.5 ,-9113.4 ,-8524.3 ,-8502.5 ,-7053.1 ,-8543.6 ,-9977.9 ,-10653.5 ,-8404.1 ,-9751.9 ,-10758.3 ,-8980.7 ,-8742.9 ,-11239.7 ,-9601.6 ,-13663.1 ,-11131.2 ,-12418.1 ,-13277.0 ,-11608.0 ,-12450.3 ,-9692.2 ,-10437.9 ,-13731.3 ,-12225.8 ,-12635.2 ,-9288.3 ,-10083.6 ,-14989.3 ,-12422.6 ,-15734.6 ,-12736.1 ,-11947.1 ,-19405.8 ,-9940.1 ,-7753.3 ,-4655.5 ,-9031.3 ,-11783.5 ,-18054.5 ,-10930.3 ,-17329.6 ,-15065.5 ,-12856.2 ,-16945.3 ,-17405.4 ,-12809.6 ,-12979.2 ,-11312.7 ,-15178.7 ,-13934.5 ,-15678.1 ,-19220.7 ,-14997.9 ,-22982.0 ,-15386.4 ,-16403.1 ,-28417.2 ,-14874.2 ,-15879.1 ,-16281.2 ,-19471.9 ,-17859.1 ,-17722.9 ,-19685.7 ,-20609.6 ,-19681.3 ,-20371.8 ,-22556.8 ,-33818.6 ,-31819.5 ,-19151.1 ,-23361.0 ,-20685.7 ,-22141.8 ,-18100.4 ,-18844.4 ,-22069.7 ,-20503.9 ,-24413.8 ,-21152.4 ,-20583.0 ,-17797.1 ,-21850.9 ,-19776.8 ,-26812.1 ,-28721.9 ,-21527.7 ,-19499.4 ,-33389.8 ,-15860.3 ,-12596.2 ,-18739.3 ,-16603.3 ,-14990.2 ,-14025.9 ,-16805.5 ,-20411.2 ,-21800.8 ,-21292.4 ,-26820.3 ,-27372.4 ,-33261.7 ,-30251.0 ,-29101.2 ,-44441.3 ,-36459.3 ,-40085.0 ,-35385.5 ,-43236.9 ,-42619.0 ,-30263.6 ,-33123.3 ,-35799.0 ,-24885.3 ,-25202.3 ,-31852.2 ,-32600.6 ,-29832.9 ,-28263.6 ,-29400.2 ,-32428.6 ,-30377.2 ,-23429.4 ,-22628.1 ,-29381.1 ,-24910.1 ,-22518.3 ,-24521.0 ,-14789.2 ,-21385.3 ,-21894.8 ,-20154.5 ,-18061.7 ,-20149.0 ,-21314.2 ,-20881.1 ,-23175.4 
Total Foreign Trade,19753.1 ,21590.8 ,20255.3 ,21641.9 ,23111.7 ,19140.8 ,13965.1 ,16558.6 ,26703.5 ,21778.2 ,25215.1 ,24363.6 ,21765.8 ,21015.9 ,24226.6 ,17874.9 ,24779.9 ,25499.9 ,22557.4 ,19652.8 ,25530.2 ,26668.2 ,24144.1 ,27488.5 ,26853.6 ,33976.2 ,26272.4 ,32283.4 ,27211.8 ,22700.9 ,26606.6 ,24316.8 ,31815.1 ,33042.3 ,29920.4 ,37167.6 ,31562.3 ,37092.4 ,35682.5 ,33083.8 ,39089.9 ,39920.0 ,37934.8 ,35879.3 ,35402.5 ,30416.7 ,38089.5 ,41005.5 ,35644.0 ,36037.6 ,38071.9 ,32832.2 ,38348.4 ,36933.8 ,37779.4 ,40028.3 ,39953.1 ,38037.9 ,43445.4 ,43402.0 ,38770.1 ,43628.6 ,35903.0 ,40884.2 ,48657.5 ,44757.7 ,44934.0 ,46269.5 ,51281.6 ,48827.8 ,42874.3 ,49140.4 ,54056.5 ,50558.2 ,52597.2 ,48089.5 ,52966.4 ,52326.6 ,50594.5 ,50381.7 ,54418.7 ,55903.5 ,56634.1 ,50106.8 ,59476.0 ,60228.8 ,57485.7 ,60501.4 ,70028.8 ,71329.6 ,66529.2 ,73169.0 ,71557.5 ,59500.5 ,64888.7 ,70136.2 ,65021.8 ,75430.1 ,73797.7 ,69956.6 ,67222.6 ,65964.4 ,74069.4 ,71323.5 ,78597.7 ,57697.2 ,69447.1 ,91475.3 ,69039.2 ,47147.3 ,31108.6 ,34655.4 ,58046.7 ,69387.2 ,73044.8 ,96102.5 ,90677.7 ,85750.3 ,91948.4 ,96808.4 ,77678.0 ,84522.4 ,77406.7 ,86571.0 ,87096.0 ,87608.6 ,97455.5 ,78440.1 ,104849.6 ,88074.4 ,94181.2 ,99278.7 ,84867.8 ,96477.1 ,99315.6 ,101943.0 ,102823.2 ,110019.2 ,112959.3 ,111110.3 ,115253.8 ,116293.9 ,130384.4 ,145015.5 ,127531.7 ,119514.0 ,150286.5 ,115707.4 ,131458.9 ,124851.5 ,116997.2 ,123983.8 ,121124.9 ,125214.3 ,130964.2 ,128010.4 ,115562.4 ,132443.1 ,114110.6 ,124461.8 ,142296.0 ,123099.5 ,116600.6 ,130576.5 ,62202.9 ,45849.1 ,81614.0 ,105691.6 ,95428.0 ,103861.3 ,124026.6 ,119374.3 ,132863.5 ,146490.9 ,151515.7 ,151206.8 ,181395.5 ,156427.4 ,142028.9 ,176342.3 ,171496.8 ,187059.9 ,185019.3 ,188842.6 ,208910.2 ,176864.9 ,160926.8 ,177360.5 ,170754.0 ,150765.8 ,171059.4 ,171419.2 ,146095.8 ,156184.3 ,140538.4 ,144647.2 ,144585.3 ,141422.8 ,139124.0 ,150584.0 ,156607.2 ,146433.5 ,158345.2 ,144304.8 ,142723.3 ,143473.6 ,162436.9 ,114435.0 ,142347.5 ,137718.3 ,141640.2 ,146065.3 
With India,12224.1 ,13833.0 ,12397.2 ,13235.0 ,14838.1 ,12618.6 ,8752.2 ,10635.7 ,16204.9 ,12734.8 ,14786.4 ,15341.1 ,13872.7 ,12432.5 ,15610.6 ,11496.2 ,15898.3 ,16771.8 ,15935.3 ,12235.2 ,17052.6 ,17532.5 ,15105.2 ,16989.3 ,15798.2 ,17602.9 ,14986.8 ,16169.4 ,14932.9 ,14317.5 ,17762.4 ,14353.1 ,20240.4 ,18231.5 ,17877.6 ,21170.8 ,18056.5 ,19281.9 ,19749.8 ,19332.1 ,20947.2 ,20525.5 ,23581.5 ,21302.0 ,22916.2 ,20992.2 ,24624.0 ,25799.1 ,23620.7 ,25805.4 ,24060.4 ,22017.9 ,25748.5 ,26225.0 ,25053.6 ,26727.1 ,26817.7 ,24424.1 ,27979.3 ,26805.9 ,23331.3 ,28196.9 ,23950.0 ,25402.7 ,31294.7 ,31023.6 ,29642.4 ,31025.9 ,33399.0 ,31534.3 ,28719.4 ,31485.7 ,32890.8 ,32288.7 ,34006.7 ,30631.3 ,35287.7 ,35407.5 ,36058.6 ,34326.8 ,36903.9 ,36547.6 ,37816.4 ,35865.0 ,38360.4 ,40094.5 ,36900.9 ,40279.6 ,46580.7 ,47867.0 ,45188.4 ,49664.9 ,49108.6 ,44011.5 ,48105.6 ,51398.7 ,43201.4 ,47415.8 ,46838.1 ,43173.1 ,42390.0 ,41129.8 ,44903.4 ,47378.8 ,49932.8 ,37134.4 ,45338.9 ,58683.9 ,45371.8 ,26944.8 ,16452.3 ,16974.0 ,29796.6 ,38662.1 ,48346.8 ,59579.5 ,58315.9 ,56697.2 ,58712.1 ,60853.1 ,49369.7 ,56204.4 ,48149.3 ,55038.7 ,58619.8 ,58717.0 ,62168.6 ,50141.6 ,66393.9 ,56968.1 ,62293.9 ,51053.7 ,53301.8 ,59318.5 ,66086.4 ,64528.4 ,68455.6 ,74041.2 ,73708.1 ,73327.9 ,77674.7 ,77206.7 ,86051.7 ,87120.5 ,74991.1 ,79554.4 ,94742.1 ,73205.9 ,85963.4 ,85473.5 ,78324.9 ,78914.5 ,79885.7 ,80683.9 ,86515.1 ,82399.5 ,73864.0 ,81521.2 ,69898.1 ,71551.9 ,85366.4 ,81777.6 ,77898.0 ,77075.8 ,39086.2 ,28839.2 ,46671.0 ,71854.6 ,62710.7 ,71351.6 ,80895.8 ,77006.5 ,89100.4 ,101291.9 ,99532.0 ,98608.7 ,112884.6 ,101576.1 ,81829.5 ,101188.3 ,106353.4 ,117239.1 ,116396.4 ,112912.2 ,131292.6 ,115911.6 ,102497.5 ,113476.5 ,113518.6 ,102805.9 ,114401.2 ,108570.0 ,89370.6 ,100116.3 ,84259.4 ,87043.5 ,86765.3 ,96623.4 ,93017.7 ,93822.8 ,105717.8 ,98946.1 ,101124.7 ,97726.3 ,89731.5 ,87761.5 ,99367.7 ,70169.4 ,89802.7 ,88506.5 ,88142.3 ,93208.9 
With China ,-,-,-,-,-,-,-,-,-,-,-,-,-,-,-,-,-,-,-,-,-,-,-,-,-,-,-,-,-,-,-,-,-,-,-,-,-,-,-,-,-,-,-,-,-,-,-,-,-,-,-,-,-,-,-,-,-,-,-,-,-,-,-,-,-,-,-,-,-,-,-,-,6862.5 ,6266.5 ,6424.8 ,4900.8 ,5898.3 ,4783.3 ,4114.7 ,4325.1 ,4185.2 ,5266.4 ,6485.3 ,5023.8 ,5144.6 ,5490.8 ,6491.3 ,5221.2 ,9578.9 ,5582.9 ,6129.3 ,6328.6 ,4666.0 ,6242.9 ,6496.0 ,8786.9 ,6212.0 ,8528.8 ,9494.5 ,9633.5 ,10850.4 ,10805.2 ,10143.8 ,7909.9 ,8600.8 ,4406.4 ,7743.9 ,8067.3 ,8570.4 ,7008.0 ,4965.4 ,5215.6 ,11906.1 ,9129.4 ,9918.4 ,14601.0 ,12253.1 ,10319.0 ,11260.8 ,12228.5 ,9512.2 ,10142.0 ,12888.0 ,11807.4 ,9588.1 ,9042.1 ,11961.4 ,8790.9 ,10275.5 ,11489.0 ,10034.6 ,13415.4 ,10863.6 ,15187.3 ,10856.3 ,12758.0 ,11233.2 ,14078.3 ,14807.5 ,12535.9 ,13131.0 ,13871.5 ,15718.5 ,17383.6 ,15024.3 ,14459.8 ,24195.6 ,18134.6 ,17740.9 ,17079.4 ,15410.2 ,18343.5 ,15109.1 ,15523.1 ,17557.1 ,19050.7 ,18729.8 ,22124.4 ,18865.9 ,21176.6 ,22442.0 ,15930.8 ,14424.0 ,14047.8 ,5739.1 ,3908.6 ,13478.5 ,12244.2 ,11235.0 ,13209.6 ,19090.1 ,16875.5 ,17439.1 ,18983.8 ,19845.1 ,20130.3 ,28121.4 ,19160.8 ,27369.3 ,23479.0 ,21053.5 ,21952.2 ,24487.4 ,27119.6 ,27967.7 ,23789.5 ,19355.8 ,20979.3 ,24965.9 ,15872.7 ,17406.9 ,20642.0 ,18827.8 ,18425.9 ,18954.1 ,18604.4 ,20013.6 ,15494.0 ,15155.3 ,20830.0 ,16780.1 ,17486.3 ,23327.9 ,20582.3 ,22298.0 ,24788.7 ,33466.3 ,20536.1 ,25565.7 ,22348.1 ,25943.2 ,21878.6 
With Other Countries,7529.0 ,7757.8 ,7858.1 ,8406.9 ,8273.6 ,6522.2 ,5212.9 ,5922.9 ,10498.6 ,9043.4 ,10428.7 ,9022.5 ,7893.1 ,8583.4 ,8616.0 ,6378.7 ,8881.6 ,8728.1 ,6622.1 ,7417.6 ,8477.6 ,9135.7 ,9038.9 ,10499.2 ,11055.4 ,16373.3 ,11285.6 ,16114.0 ,12278.9 ,8383.4 ,8844.2 ,9963.7 ,11574.7 ,14810.8 ,12042.8 ,15996.8 ,13505.8 ,17810.5 ,15932.7 ,13751.7 ,18142.7 ,19394.5 ,14353.3 ,14577.3 ,12486.3 ,9424.5 ,13465.5 ,15206.4 ,12023.3 ,10232.2 ,14011.5 ,10814.3 ,12599.9 ,10708.8 ,12725.8 ,13301.2 ,13135.4 ,13613.8 ,15466.1 ,16596.1 ,15438.8 ,15431.7 ,11953.0 ,15481.5 ,17362.8 ,13734.1 ,15291.6 ,15243.6 ,17882.6 ,17293.5 ,14154.9 ,17654.7 ,14303.1 ,12003.0 ,12165.6 ,12557.4 ,11780.3 ,12135.8 ,10421.2 ,11729.8 ,13329.5 ,14089.4 ,12332.5 ,14241.8 ,15971.0 ,14643.6 ,14093.5 ,15000.6 ,13869.2 ,17879.8 ,15211.5 ,17175.5 ,17783.0 ,15489.0 ,16783.0 ,18737.5 ,15608.5 ,19485.4 ,17465.1 ,17150.1 ,13982.2 ,14029.4 ,19022.1 ,16034.8 ,20064.0 ,16156.3 ,16364.3 ,24724.2 ,15097.0 ,13194.5 ,9690.8 ,12465.7 ,16344.0 ,21595.7 ,14779.6 ,21922.0 ,20108.7 ,18734.1 ,21975.4 ,23726.7 ,18796.1 ,18176.0 ,16369.4 ,19724.9 ,18888.2 ,19849.5 ,23325.5 ,19507.6 ,28180.3 ,19617.4 ,21852.6 ,34809.6 ,20702.4 ,21971.3 ,22373.0 ,24656.5 ,23134.4 ,21899.7 ,24443.7 ,25246.5 ,24448.1 ,25215.6 ,28614.2 ,40511.4 ,37516.2 ,25499.8 ,31348.8 ,24366.9 ,27754.6 ,22298.6 ,23262.1 ,26725.9 ,26130.1 ,29007.3 ,26891.9 ,26560.2 ,22968.6 ,28797.5 ,25346.7 ,31733.4 ,34487.6 ,25391.2 ,24278.6 ,39453.0 ,17377.7 ,13101.3 ,21464.5 ,21592.8 ,21482.3 ,19300.1 ,24040.7 ,25492.3 ,26324.0 ,26215.2 ,32138.5 ,32467.8 ,40389.4 ,35690.5 ,32830.1 ,51675.0 ,44090.0 ,47868.6 ,44135.5 ,48810.7 ,49649.9 ,37163.8 ,39073.5 ,42904.6 ,32269.4 ,32087.2 ,39251.3 ,42207.2 ,37897.4 ,37642.1 ,37324.9 ,38999.2 ,37806.3 ,29305.4 ,30950.9 ,35931.3 ,34109.3 ,30001.2 ,33892.6 ,25996.2 ,30693.8 ,30923.4 ,29603.0 ,23729.5 ,26979.2 ,26863.6 ,27554.7 ,30977.9 
,,,,,,,,,,,,,,,,,,,,,,,,,,,,,,,,,,,,,,,,,,,,,,,,,,,,,,,,,,,,,,,,,,,,,,,,,,,,,,,,,,,,,,,,,,,,,,,,,,,,,,,,,,,,,,,,,,,,,,,,,,,,,,,,,,,,,,,,,,,,,,,,,,,,,,,,,,,,,,,,,,,,,,,,,,,,,,,,,,,,,,,,,,,,,,,,,,,,,,,,,,,,,,,,,,,,
Note:,,,,,,,,,,,,,,,,,,,,,,,,,,,,,,,,,,,,,,,,,,,,,,,,,,,,,,,,,,,,,,,,,,,,,,,,,,,,,,,,,,,,,,,,,,,,,,,,,,,,,,,,,,,,,,,,,,,,,,,,,,,,,,,,,,,,,,,,,,,,,,,,,,,,,,,,,,,,,,,,,,,,,,,,,,,,,,,,,,,,,,,,,,,,,,,,,,,,,,,,,,,,,,,,,,,,
Gregorian Month,Nepalese Month,Month,,,,,,,,,,,,,,,,,,,,,,,,,,,,,,,,,,,,,,,,,,,,,,,,,,,,,,,,,,,,,,,,,,,,,,,,,,,,,,,,,,,,,,,,,,,,,,,,,,,,,,,,,,,,,,,,,,,,,,,,,,,,,,,,,,,,,,,,,,,,,,,,,,,,,,,,,,,,,,,,,,,,,,,,,,,,,,,,,,,,,,,,,,,,,,,,,,,,,,,,,,,,,,,,,,
Mid-Apr - Mid-May,Baisakh,May,,,,,,,,,,,,,,,,,,,,,,,,,,,,,,,,,,,,,,,,,,,,,,,,,,,,,,,,,,,,,,,,,,,,,,,,,,,,,,,,,,,,,,,,,,,,,,,,,,,,,,,,,,,,,,,,,,,,,,,,,,,,,,,,,,,,,,,,,,,,,,,,,,,,,,,,,,,,,,,,,,,,,,,,,,,,,,,,,,,,,,,,,,,,,,,,,,,,,,,,,,,,,,,,,,
Mid-May - Mid-Jun,Jestha,Jun,,,,,,,,,,,,,,,,,,,,,,,,,,,,,,,,,,,,,,,,,,,,,,,,,,,,,,,,,,,,,,,,,,,,,,,,,,,,,,,,,,,,,,,,,,,,,,,,,,,,,,,,,,,,,,,,,,,,,,,,,,,,,,,,,,,,,,,,,,,,,,,,,,,,,,,,,,,,,,,,,,,,,,,,,,,,,,,,,,,,,,,,,,,,,,,,,,,,,,,,,,,,,,,,,,
Mid-Jun - Mid-Jul,Ashadh,Jul,,,,,,,,,,,,,,,,,,,,,,,,,,,,,,,,,,,,,,,,,,,,,,,,,,,,,,,,,,,,,,,,,,,,,,,,,,,,,,,,,,,,,,,,,,,,,,,,,,,,,,,,,,,,,,,,,,,,,,,,,,,,,,,,,,,,,,,,,,,,,,,,,,,,,,,,,,,,,,,,,,,,,,,,,,,,,,,,,,,,,,,,,,,,,,,,,,,,,,,,,,,,,,,,,,
Mid-Jul - Mid-Aug,Shrawan,Aug,,,,,,,,,,,,,,,,,,,,,,,,,,,,,,,,,,,,,,,,,,,,,,,,,,,,,,,,,,,,,,,,,,,,,,,,,,,,,,,,,,,,,,,,,,,,,,,,,,,,,,,,,,,,,,,,,,,,,,,,,,,,,,,,,,,,,,,,,,,,,,,,,,,,,,,,,,,,,,,,,,,,,,,,,,,,,,,,,,,,,,,,,,,,,,,,,,,,,,,,,,,,,,,,,,
Mid-Aug - Mid-Sep,Bhadra,Sep,,,,,,,,,,,,,,,,,,,,,,,,,,,,,,,,,,,,,,,,,,,,,,,,,,,,,,,,,,,,,,,,,,,,,,,,,,,,,,,,,,,,,,,,,,,,,,,,,,,,,,,,,,,,,,,,,,,,,,,,,,,,,,,,,,,,,,,,,,,,,,,,,,,,,,,,,,,,,,,,,,,,,,,,,,,,,,,,,,,,,,,,,,,,,,,,,,,,,,,,,,,,,,,,,,
Mid-Sep - Mid-Oct,Ashwin,Oct,,,,,,,,,,,,,,,,,,,,,,,,,,,,,,,,,,,,,,,,,,,,,,,,,,,,,,,,,,,,,,,,,,,,,,,,,,,,,,,,,,,,,,,,,,,,,,,,,,,,,,,,,,,,,,,,,,,,,,,,,,,,,,,,,,,,,,,,,,,,,,,,,,,,,,,,,,,,,,,,,,,,,,,,,,,,,,,,,,,,,,,,,,,,,,,,,,,,,,,,,,,,,,,,,,
Mid-Oct - Mid-Nov,Kartik,Nov,,,,,,,,,,,,,,,,,,,,,,,,,,,,,,,,,,,,,,,,,,,,,,,,,,,,,,,,,,,,,,,,,,,,,,,,,,,,,,,,,,,,,,,,,,,,,,,,,,,,,,,,,,,,,,,,,,,,,,,,,,,,,,,,,,,,,,,,,,,,,,,,,,,,,,,,,,,,,,,,,,,,,,,,,,,,,,,,,,,,,,,,,,,,,,,,,,,,,,,,,,,,,,,,,,
Mid-Nov - Mid-Dec,Marg,Dec,,,,,,,,,,,,,,,,,,,,,,,,,,,,,,,,,,,,,,,,,,,,,,,,,,,,,,,,,,,,,,,,,,,,,,,,,,,,,,,,,,,,,,,,,,,,,,,,,,,,,,,,,,,,,,,,,,,,,,,,,,,,,,,,,,,,,,,,,,,,,,,,,,,,,,,,,,,,,,,,,,,,,,,,,,,,,,,,,,,,,,,,,,,,,,,,,,,,,,,,,,,,,,,,,,
Mid-Dec - Mid-Jan,Paush,Jan,,,,,,,,,,,,,,,,,,,,,,,,,,,,,,,,,,,,,,,,,,,,,,,,,,,,,,,,,,,,,,,,,,,,,,,,,,,,,,,,,,,,,,,,,,,,,,,,,,,,,,,,,,,,,,,,,,,,,,,,,,,,,,,,,,,,,,,,,,,,,,,,,,,,,,,,,,,,,,,,,,,,,,,,,,,,,,,,,,,,,,,,,,,,,,,,,,,,,,,,,,,,,,,,,,
Mid-Jan - Mid-Feb,Magh,Feb,,,,,,,,,,,,,,,,,,,,,,,,,,,,,,,,,,,,,,,,,,,,,,,,,,,,,,,,,,,,,,,,,,,,,,,,,,,,,,,,,,,,,,,,,,,,,,,,,,,,,,,,,,,,,,,,,,,,,,,,,,,,,,,,,,,,,,,,,,,,,,,,,,,,,,,,,,,,,,,,,,,,,,,,,,,,,,,,,,,,,,,,,,,,,,,,,,,,,,,,,,,,,,,,,,
Mid-Feb - Mid-Mar,Falgun,Mar,,,,,,,,,,,,,,,,,,,,,,,,,,,,,,,,,,,,,,,,,,,,,,,,,,,,,,,,,,,,,,,,,,,,,,,,,,,,,,,,,,,,,,,,,,,,,,,,,,,,,,,,,,,,,,,,,,,,,,,,,,,,,,,,,,,,,,,,,,,,,,,,,,,,,,,,,,,,,,,,,,,,,,,,,,,,,,,,,,,,,,,,,,,,,,,,,,,,,,,,,,,,,,,,,,
Mid-Mar - Mid-Apr,Chaitra,Apr,,,,,,,,,,,,,,,,,,,,,,,,,,,,,,,,,,,,,,,,,,,,,,,,,,,,,,,,,,,,,,,,,,,,,,,,,,,,,,,,,,,,,,,,,,,,,,,,,,,,,,,,,,,,,,,,,,,,,,,,,,,,,,,,,,,,,,,,,,,,,,,,,,,,,,,,,,,,,,,,,,,,,,,,,,,,,,,,,,,,,,,,,,,,,,,,,,,,,,,,,,,,,,,,,,
The Nepalese fiscal year generally begins on July 16 and ends on July 15.,,,,,,,,,,,,,,,,,,,,,,,,,,,,,,,,,,,,,,,,,,,,,,,,,,,,,,,,,,,,,,,,,,,,,,,,,,,,,,,,,,,,,,,,,,,,,,,,,,,,,,,,,,,,,,,,,,,,,,,,,,,,,,,,,,,,,,,,,,,,,,,,,,,,,,,,,,,,,,,,,,,,,,,,,,,,,,,,,,,,,,,,,,,,,,,,,,,,,,,,,,,,,,,,,,,,
,,,,,,,,,,,,,,,,,,,,,,,,,,,,,,,,,,,,,,,,,,,,,,,,,,,,,,,,,,,,,,,,,,,,,,,,,,,,,,,,,,,,,,,,,,,,,,,,,,,,,,,,,,,,,,,,,,,,,,,,,,,,,,,,,,,,,,,,,,,,,,,,,,,,,,,,,,,,,,,,,,,,,,,,,,,,,,,,,,,,,,,,,,,,,,,,,,,,,,,,,,,,,,,,,,,,
The detailed note is in Readme.,,,,,,,,,,,,,,,,,,,,,,,,,,,,,,,,,,,,,,,,,,,,,,,,,,,,,,,,,,,,,,,,,,,,,,,,,,,,,,,,,,,,,,,,,,,,,,,,,,,,,,,,,,,,,,,,,,,,,,,,,,,,,,,,,,,,,,,,,,,,,,,,,,,,,,,,,,,,,,,,,,,,,,,,,,,,,,,,,,,,,,,,,,,,,,,,,,,,,,,,,,,,,,,,,,,,
